Domain,Status,Attractiveness,Demand,Length,Sectors,Created,Expires,Registrar
one.chat,resell,132,44%,3,"Business,General,Media,Technology",12/05/2015 20:09,12/05/2026 20:09,"Name.com, Inc."
second.chat,resell,120,23%,6,"General,Mathematics",09/02/2022 17:00,09/02/2026 17:00,"Xiamen ChinaSource Internet Service Co., Ltd"
tenth.chat,available,116,7%,5,Mathematics,,,
flat.chat,resell,116,24%,4,"Construction,Real Estate",29/04/2024 15:15,29/04/2026 15:15,"Chengdu West Dimension Digital Technology Co., Ltd."
eight.chat,available,102,23%,5,"General,Mathematics",,,
third.chat,available,100,16%,5,Mathematics,,,
ninth.chat,available,100,9%,5,Mathematics,,,
eighth.chat,available,100,6%,6,Mathematics,,,
twentieth.chat,available,92,3%,9,Mathematics,,,
nought.chat,available,92,4%,6,Mathematics,,,
leash.chat,available,90,7%,5,"General,Health and Fitness,Retail",,,
sixteen.chat,available,88,11%,7,Mathematics,,,
ace.chat,resell,88,34%,3,Sports,13/12/2023 20:28,13/12/2025 20:28,"GoDaddy.com, LLC"
hundred.chat,available,88,14%,7,Mathematics,,,
xix.chat,available,86,11%,3,Mathematics,,,
thousand.chat,available,84,8%,8,Mathematics,,,
twentytwo.chat,available,84,11%,10,Mathematics,,,
twentyone.chat,available,84,13%,10,Mathematics,,,
seventeen.chat,available,84,7%,9,Mathematics,,,
thirteen.chat,available,84,10%,8,Mathematics,,,
nineteen.chat,available,84,8%,8,Mathematics,,,
fivesome.chat,available,82,1%,8,Sports,,,
forty.chat,available,80,9%,5,Mathematics,,,
seventh.chat,available,80,10%,7,Mathematics,,,
trio.chat,resell,80,21%,4,Entertainment,06/02/2025 15:15,06/02/2026 15:15,"Xiamen ChinaSource Internet Service Co., Ltd"
yard.chat,resell,80,26%,4,"Construction,General",27/11/2024 13:46,27/11/2025 13:46,Domain Science Kutatási Szolgáltató Korlátolt Felelősségű Társaság
twenty.chat,available,80,12%,6,Mathematics,,,
twentysix.chat,available,78,8%,10,Mathematics,,,
sixtynine.chat,available,78,8%,10,Mathematics,,,
hundredth.chat,available,76,1%,9,Mathematics,,,
nineteenth.chat,available,76,3%,10,Mathematics,,,
thirteenth.chat,available,76,4%,10,Mathematics,,,
thousandth.chat,available,76,1%,10,Mathematics,,,
fourteenth.chat,available,76,1%,10,Mathematics,,,
eighteen.chat,available,76,7%,8,Mathematics,,,
firstrate.chat,available,76,6%,10,Business,,,
threed.chat,available,76,7%,7,Technology,,,
fifteenth.chat,available,76,2%,9,Mathematics,,,
single.chat,resell,74,19%,6,Sports,03/01/2018 15:55,03/01/2026 15:55,OVH SAS
eightieth.chat,available,72,1%,9,Mathematics,,,
trinity.chat,available,72,18%,7,Religion,,,
ternary.chat,resell,72,7%,7,Mathematics,12/08/2024 08:44,12/08/2026 08:44,"Sav.com, LLC"
seventieth.chat,available,72,1%,10,Mathematics,,,
ninetieth.chat,available,72,1%,9,Mathematics,,,
sixtieth.chat,available,72,1%,8,Mathematics,,,
ennead.chat,available,68,5%,6,Mathematics,,,
septenary.chat,available,68,1%,9,Mathematics,,,
foursome.chat,available,68,4%,8,Sports,,,
fiftieth.chat,available,68,0%,8,Mathematics,,,
fortieth.chat,available,68,0%,8,Mathematics,,,
ane.chat,available,68,12%,3,Mathematics,,,
thirtieth.chat,available,68,1%,9,Mathematics,,,
threesome.chat,available,68,5%,9,Entertainment,,,
sevener.chat,available,68,1%,7,Mathematics,,,
octonary.chat,available,68,1%,8,Mathematics,,,
xxii.chat,available,66,6%,4,Mathematics,,,
xii.chat,available,66,10%,3,Mathematics,,,
xviii.chat,available,66,5%,5,Mathematics,,,
xvii.chat,available,66,5%,4,Mathematics,,,
xxi.chat,available,66,10%,3,Mathematics,,,
onec.chat,available,66,6%,5,Mathematics,,,
fifty.chat,available,66,12%,5,Mathematics,,,
tenner.chat,available,66,5%,6,Finance,,,
clv.chat,available,66,10%,3,Mathematics,,,
xiii.chat,available,66,9%,4,Mathematics,,,
xvi.chat,available,66,5%,3,Mathematics,,,
xxv.chat,available,66,6%,3,Mathematics,,,
eighty.chat,available,66,6%,6,Mathematics,,,
ninety.chat,available,66,11%,6,Mathematics,,,
thirty.chat,available,66,8%,6,Mathematics,,,
deuce.chat,available,66,9%,5,Sports,,,
acappella.chat,available,66,6%,10,Entertainment,,,
sextet.chat,available,66,1%,6,Entertainment,,,
xxvi.chat,available,66,3%,4,Mathematics,,,
twodozen.chat,available,62,1%,9,Mathematics,,,
eighteenth.chat,available,62,1%,10,Mathematics,,,
sixteenth.chat,available,62,1%,9,Mathematics,,,
longdozen.chat,available,62,2%,10,Mathematics,,,
troika.chat,available,62,8%,6,Politics,,,
fortyfour.chat,available,62,6%,10,Mathematics,,,
quartet.chat,available,62,7%,7,"Arts,Entertainment",,,
chiliad.chat,available,62,2%,7,Mathematics,,,
eleventh.chat,available,62,5%,8,Mathematics,,,
clxxx.chat,available,60,1%,5,Mathematics,,,
xcl.chat,available,60,5%,3,Mathematics,,,
clx.chat,available,60,10%,3,Mathematics,,,
thou.chat,available,60,7%,4,Mathematics,,,
clxxv.chat,available,60,1%,5,Mathematics,,,
cxxv.chat,available,60,1%,4,Mathematics,,,
cxv.chat,available,60,4%,3,Mathematics,,,
sixty.chat,available,60,13%,5,Mathematics,,,
cxxx.chat,available,60,4%,4,Mathematics,,,
cxl.chat,available,60,7%,3,Mathematics,,,
eightysix.chat,available,60,7%,10,Mathematics,,,
cxxxv.chat,available,60,2%,5,Mathematics,,,
cxx.chat,available,60,10%,3,Mathematics,,,
cxlv.chat,available,60,2%,4,Mathematics,,,
clxx.chat,available,60,3%,4,Mathematics,,,
clxv.chat,available,60,1%,4,Mathematics,,,
tertiary.chat,available,60,4%,8,Education,,,
fourscore.chat,available,58,4%,9,Mathematics,,,
centesimal.chat,available,58,1%,10,Mathematics,,,
fifth.chat,available,58,12%,5,Mathematics,,,
alacarte.chat,available,58,11%,10,Food and Beverage,,,
tetrad.chat,available,58,5%,6,Mathematics,,,
super.chat,resell,58,47%,5,Business,17/05/2015 16:00,17/05/2026 16:00,"GoDaddy.com, LLC"
heptad.chat,available,58,1%,6,Mathematics,,,
sixtyone.chat,available,58,3%,9,Mathematics,,,
hexad.chat,available,58,4%,5,Mathematics,,,
twelfth.chat,available,58,2%,7,Mathematics,,,
niner.chat,available,58,5%,5,Mathematics,,,
sixer.chat,available,58,5%,5,Sports,,,
seventy.chat,available,58,7%,7,Mathematics,,,
sextuplet.chat,available,58,1%,9,Healthcare,,,
pentad.chat,available,58,2%,6,Mathematics,,,
octad.chat,available,58,5%,5,Mathematics,,,
eighter.chat,available,58,2%,7,Mathematics,,,
lxxx.chat,available,58,2%,4,Mathematics,,,
xliv.chat,available,56,2%,4,Mathematics,,,
fiftytwo.chat,available,56,6%,9,Mathematics,,,
lviii.chat,available,56,1%,5,Mathematics,,,
xxxiii.chat,available,56,2%,6,Mathematics,,,
ilx.chat,available,56,5%,3,Mathematics,,,
lii.chat,available,56,7%,3,Mathematics,,,
xliii.chat,available,56,1%,5,Mathematics,,,
xxiii.chat,available,56,5%,5,Mathematics,,,
fortysix.chat,available,56,3%,9,Mathematics,,,
fiftysix.chat,available,56,4%,9,Mathematics,,,
fortytwo.chat,available,56,17%,9,Mathematics,,,
xlii.chat,available,56,5%,4,Mathematics,,,
xlvii.chat,available,56,2%,5,Mathematics,,,
xxiv.chat,available,56,5%,4,Mathematics,,,
xxxii.chat,available,56,1%,5,Mathematics,,,
thirtyone.chat,available,56,5%,10,Mathematics,,,
xli.chat,available,56,5%,3,Mathematics,,,
fiftynine.chat,available,56,4%,10,Mathematics,,,
fortyone.chat,available,56,4%,9,Mathematics,,,
xxviii.chat,available,56,1%,6,Mathematics,,,
fiftyfour.chat,available,56,3%,10,Mathematics,,,
xxxv.chat,available,56,4%,4,Mathematics,,,
xxxviii.chat,available,56,1%,7,Mathematics,,,
lvi.chat,available,56,8%,3,Mathematics,,,
xlvi.chat,available,56,3%,4,Mathematics,,,
fiftyfive.chat,available,56,7%,10,Mathematics,,,
lvii.chat,available,56,1%,4,Mathematics,,,
fiftyone.chat,available,56,7%,9,Mathematics,,,
liii.chat,available,56,4%,4,Mathematics,,,
xxix.chat,available,56,4%,4,Mathematics,,,
xlv.chat,available,56,6%,3,Mathematics,,,
fortynine.chat,available,56,3%,10,Mathematics,,,
halfdozen.chat,available,56,1%,10,Mathematics,,,
xlviii.chat,available,56,1%,6,Mathematics,,,
xxxvi.chat,available,56,1%,5,Mathematics,,,
thirtytwo.chat,available,56,5%,10,Mathematics,,,
xxxiv.chat,available,56,1%,5,Mathematics,,,
xxxi.chat,available,56,9%,4,Mathematics,,,
xxxvii.chat,available,56,2%,6,Mathematics,,,
thirtysix.chat,available,56,5%,10,Mathematics,,,
xxvii.chat,available,56,3%,5,Mathematics,,,
topnotch.chat,available,54,18%,8,Business,,,
quatern.chat,available,54,2%,7,Mathematics,,,
viii.chat,available,54,6%,4,Mathematics,,,
deuceace.chat,available,54,2%,9,Sports,,,
quaternity.chat,available,54,4%,10,Mathematics,,,
twoscore.chat,available,54,2%,8,Mathematics,,,
quaternion.chat,available,54,6%,10,Mathematics,,,
fortyfive.chat,available,54,4%,10,Mathematics,,,
threescore.chat,available,54,1%,10,Mathematics,,,
vii.chat,available,54,13%,3,Mathematics,,,
sixtyfive.chat,available,52,3%,10,Mathematics,,,
lxii.chat,available,52,1%,4,Mathematics,,,
ixl.chat,available,52,9%,3,Mathematics,,,
sixtytwo.chat,available,52,3%,9,Mathematics,,,
sixtyfour.chat,available,52,3%,10,Mathematics,,,
lxxxvii.chat,available,52,1%,7,Mathematics,,,
ninetysix.chat,available,52,4%,10,Mathematics,,,
eightytwo.chat,available,52,4%,10,Mathematics,,,
xcviii.chat,available,52,1%,6,Mathematics,,,
ixc.chat,available,52,5%,3,Mathematics,,,
lxviii.chat,available,52,1%,6,Mathematics,,,
lxiii.chat,available,52,2%,5,Mathematics,,,
lxxiii.chat,available,52,1%,6,Mathematics,,,
ninetytwo.chat,available,52,4%,10,Mathematics,,,
lxv.chat,available,52,5%,3,Mathematics,,,
sixtysix.chat,available,52,4%,9,Mathematics,,,
lxiv.chat,available,52,3%,4,Mathematics,,,
xcii.chat,available,52,2%,4,Mathematics,,,
xciii.chat,available,52,1%,5,Mathematics,,,
lxxi.chat,available,52,1%,4,Mathematics,,,
xcvi.chat,available,52,2%,4,Mathematics,,,
xci.chat,available,52,4%,3,Mathematics,,,
lxxxi.chat,available,52,1%,5,Mathematics,,,
lxxxii.chat,available,52,1%,6,Mathematics,,,
lxxii.chat,available,52,1%,5,Mathematics,,,
xcvii.chat,available,52,1%,5,Mathematics,,,
lxxvi.chat,available,52,1%,5,Mathematics,,,
lxxxiii.chat,available,52,1%,7,Mathematics,,,
lxxxv.chat,available,52,1%,5,Mathematics,,,
xciv.chat,available,52,2%,4,Mathematics,,,
lxxxiv.chat,available,52,1%,6,Mathematics,,,
lxvi.chat,available,52,3%,4,Mathematics,,,
lxxxvi.chat,available,52,1%,6,Mathematics,,,
lxxiv.chat,available,52,1%,5,Mathematics,,,
lxvii.chat,available,52,1%,5,Mathematics,,,
lxxv.chat,available,52,1%,4,Mathematics,,,
lxi.chat,available,52,5%,3,Mathematics,,,
lxxvii.chat,available,52,2%,6,Mathematics,,,
xcv.chat,available,52,7%,3,Mathematics,,,
ninetyone.chat,available,52,5%,10,Mathematics,,,
eightyone.chat,available,52,3%,10,Mathematics,,,
lxx.chat,available,50,5%,3,Mathematics,,,
ogdoad.chat,available,50,1%,6,Mathematics,,,
cinque.chat,available,50,7%,6,Mathematics,,,
triplet.chat,available,50,8%,7,Science,,,
lxxxviii.chat,available,48,1%,8,Mathematics,,,
quaternary.chat,resell,46,3%,10,Mathematics,12/08/2024 09:51,12/08/2026 09:51,"Sav.com, LLC"